name,ann_return,ann_vol,sharpe,mdd,hist_VaR_5%,hist_ES_5%
AAPL,0.18566739490851947,0.2904301640748876,0.5704207599655594,-0.4016148190657405,-0.028172946212824776,-0.0427473778433179
PORTFOLIO,0.18566739490851947,0.2904301640748876,0.5704207599655594,-0.4016148190657405,-0.028172946212824776,-0.0427473778433179
