name,ann_return,ann_vol,sharpe,mdd,hist_VaR_5%,hist_ES_5%
AGG,0.015475208547538033,0.05308313996725637,-0.08523970992019358,-0.18701480038752993,-0.004917602283783916,-0.007701227038285584
EFA,0.05420735999712667,0.17467798177474878,0.19583097794911458,-0.3700971923643843,-0.016084390834273227,-0.02606563313879516
GLD,0.08885663143288469,0.1442231452718702,0.47743121468530847,-0.23893016807025869,-0.014683766620500277,-0.020612343585833817
IEMG,0.03364651517915784,0.20172581848431637,0.06764882790756317,-0.4269662014511403,-0.019174041751730424,-0.029372975544107782
SPY,0.11498579453728719,0.17995342278348644,0.5278354424609679,-0.3574587664846973,-0.01700089843706595,-0.027957749969620495
PORTFOLIO,0.07368817450208254,0.13196216146890127,0.4068452191481791,-0.27629177937975957,-0.012213664187424028,-0.01974211397777797
